<?xml version="1.0" encoding="UTF-8" standalone="yes"?>
<a:clrScheme xmlns:a="http://schemas.openxmlformats.org/drawingml/2006/main" name="Million-Princess1">
<a:dk1><a:sysClr val="windowText" lastClr="000000"/></a:dk1>
<a:lt1><a:sysClr val="window" lastClr="FFFFFF"/></a:lt1>
<a:dk2><a:srgbClr val="454341"/></a:dk2>
<a:lt2><a:srgbClr val="E3DED1"/></a:lt2>

<a:accent1><a:srgbClr val="6495cf"/></a:accent1>
<a:accent2><a:srgbClr val="fff03c"/></a:accent2>
<a:accent3><a:srgbClr val="e25a9b"/></a:accent3>
<a:accent4><a:srgbClr val="aeb49c"/></a:accent4>
<a:accent5><a:srgbClr val="d7385f"/></a:accent5>
<a:accent6><a:srgbClr val="ebe1ff"/></a:accent6>

<a:hlink><a:srgbClr val="58a6dc"/></a:hlink>
<a:folHlink><a:srgbClr val="5abfb7"/></a:folHlink>
</a:clrScheme>